-- Inserts para NIVEL_EDUCATIVO
INSERT INTO NIVEL_EDUCATIVO (codigo, nombre, costo_base) VALUES
('NE001', 'Preescolar', 4000),
('NE002', 'Primaria', 5000),
('NE003', 'Secundaria', 6000);

-- Inserts para PERIODO_ESCOLAR
INSERT INTO PERIODO_ESCOLAR (codigo, fecha_inicio, fecha_final) VALUES
('PE2020', '2023-08-01', '2024-07-31'),
('PE2021', '2023-08-01', '2024-07-31'),
('PE2022', '2023-08-01', '2024-07-31'),
('PE2023', '2023-08-01', '2024-07-31'),
('PE2024', '2024-08-01', '2025-07-31');

-- Inserts para GRADO_Y_GRUPO
INSERT INTO GRADO_Y_GRUPO (codigo, grado, grupo, periodo_escolar, nivel_educativo) VALUES
('GG001', '1', 'A', 'PE2020', 'NE001'),
('GG002', '2', 'A', 'PE2020', 'NE001'),
('GG003', '3', 'A', 'PE2020', 'NE001'),
('GG004', '1', 'B', 'PE2020', 'NE001'),
('GG005', '2', 'B', 'PE2020', 'NE001'),
('GG006', '3', 'B', 'PE2020', 'NE001'),
('GG007', '1', 'A', 'PE2021', 'NE002'),
('GG008', '2', 'A', 'PE2021', 'NE002'),
('GG009', '3', 'A', 'PE2021', 'NE002'),
('GG010', '1', 'B', 'PE2021', 'NE002'),
('GG011', '2', 'B', 'PE2021', 'NE002'),
('GG012', '3', 'B', 'PE2021', 'NE002'),
('GG013', '1', 'A', 'PE2022', 'NE003'),
('GG014', '2', 'A', 'PE2022', 'NE003'),
('GG015', '3', 'A', 'PE2022', 'NE003'),
('GG016', '1', 'B', 'PE2022', 'NE003'),
('GG017', '2', 'B', 'PE2022', 'NE003'),
('GG018', '3', 'B', 'PE2022', 'NE003'),
('GG019', '1', 'A', 'PE2023', 'NE001'),
('GG020', '2', 'A', 'PE2023', 'NE001'),
('GG021', '3', 'A', 'PE2023', 'NE001'),
('GG022', '1', 'B', 'PE2023', 'NE001'),
('GG023', '2', 'B', 'PE2023', 'NE001'),
('GG024', '3', 'B', 'PE2023', 'NE001'),
('GG025', '1', 'A', 'PE2024', 'NE002'),
('GG026', '2', 'A', 'PE2024', 'NE002'),
('GG027', '3', 'A', 'PE2024', 'NE002'),
('GG028', '1', 'B', 'PE2024', 'NE002'),
('GG029', '2', 'B', 'PE2024', 'NE002'),
('GG030', '3', 'B', 'PE2024', 'NE002');

-- Inserts para TUTOR 100 registros
INSERT INTO TUTOR (folio, nombre, primerApell, segundoApell) VALUES
('TU001', 'Pedro', 'Pérez', 'Rodríguez'),
('TU002', 'Ana', 'López', 'Martínez'),
('TU003', 'Luis', 'Rodríguez', 'Gómez'),
('TU004', 'María', 'Gómez', 'Hernández'),
('TU005', 'Juan', 'Hernández', 'Sánchez'),
('TU006', 'Carlos', 'Sánchez', 'García'),
('TU007', 'Sofía', 'García', 'Pérez'),
('TU008', 'Jorge', 'Torres', 'López'),
('TU009', 'Fernanda', 'Morales', 'Vega'),
('TU010', 'Ricardo', 'Jiménez', 'Núñez'),
('TU011', 'Valeria', 'Mendoza', 'Ortega'),
('TU012', 'Mateo', 'Castillo', 'Ramos'),
('TU013', 'Lucía', 'Ríos', 'Romero'),
('TU014', 'Diego', 'Ortiz', 'Flores'),
('TU015', 'Julia', 'Vargas', 'Chávez'),
('TU016', 'Daniel', 'Rojas', 'Suárez'),
('TU017', 'Emma', 'Fernández', 'Mora'),
('TU018', 'Miguel', 'Ramírez', 'Navarro'),
('TU019', 'Gabriela', 'Domínguez', 'García'),
('TU020', 'Pablo', 'Ruiz', 'Herrera'),
('TU021', 'Camila', 'Aguilar', 'Peña'),
('TU022', 'Andrés', 'Salazar', 'Ríos'),
('TU023', 'Elena', 'Reyes', 'Guerrero'),
('TU024', 'Marcos', 'Navarrete', 'Espinoza'),
('TU025', 'Adriana', 'Soto', 'Martínez'),
('TU026', 'Julio', 'Medina', 'Luna'),
('TU027', 'Isabel', 'Gutiérrez', 'Benítez'),
('TU028', 'Raúl', 'Pacheco', 'Cruz'),
('TU029', 'Sandra', 'Hidalgo', 'Campos'),
('TU030', 'Manuel', 'Cabrera', 'Ríos'),
('TU031', 'Patricia', 'Silva', 'Alvarado'),
('TU032', 'Eduardo', 'Méndez', 'Soto'),
('TU033', 'Teresa', 'Ponce', 'Delgado'),
('TU034', 'Roberto', 'Barrios', 'Guerra'),
('TU035', 'Laura', 'Muñoz', 'Ibarra'),
('TU036', 'Víctor', 'Figueroa', 'Nava'),
('TU037', 'Silvia', 'Escobar', 'Bravo'),
('TU038', 'Francisco', 'Gallegos', 'Oliva'),
('TU039', 'Claudia', 'Montes', 'Paredes'),
('TU040', 'Héctor', 'Varela', 'Serrano'),
('TU041', 'Alicia', 'Noriega', 'Rosales'),
('TU042', 'Felipe', 'Villanueva', 'Esquivel'),
('TU043', 'Mónica', 'Arce', 'Quintero'),
('TU044', 'Santiago', 'Peralta', 'Sosa'),
('TU045', 'Verónica', 'Tapia', 'Cuevas'),
('TU046', 'Oscar', 'Cárdenas', 'Rocha'),
('TU047', 'Ariana', 'Nava', 'Quintana'),
('TU048', 'Cristian', 'León', 'Sandoval'),
('TU049', 'Daniela', 'Mora', 'Palacios'),
('TU050', 'José', 'Fuentes', 'Aguirre'),
('TU051', 'Paula', 'Rivas', 'Bautista'),
('TU052', 'Luis', 'Correa', 'Cortés'),
('TU053', 'Natalia', 'Carrillo', 'Reyes'),
('TU054', 'Ángel', 'Lara', 'Paredes'),
('TU055', 'Mariana', 'Rivera', 'Sánchez'),
('TU056', 'Ernesto', 'Núñez', 'Acosta'),
('TU057', 'Viviana', 'Olvera', 'López'),
('TU058', 'Tomás', 'Barrera', 'Maldonado'),
('TU059', 'Estefanía', 'Salgado', 'Padilla'),
('TU060', 'Rafael', 'Delgado', 'Santana'),
('TU061', 'Carla', 'Ávila', 'Vega'),
('TU062', 'Emanuel', 'Lozano', 'Castillo'),
('TU063', 'Andrea', 'Cervantes', 'Guzmán'),
('TU064', 'Gerardo', 'Valdez', 'Lemus'),
('TU065', 'Karina', 'Solano', 'Salinas'),
('TU066', 'René', 'González', 'Cordero'),
('TU067', 'Brenda', 'Flores', 'Montoya'),
('TU068', 'Damián', 'Arriaga', 'Lugo'),
('TU069', 'Lorena', 'Guerra', 'Cano'),
('TU070', 'Rubén', 'Palma', 'Medina'),
('TU071', 'Miriam', 'Pineda', 'Castro'),
('TU072', 'Ramiro', 'Zamora', 'Galván'),
('TU073', 'Ángela', 'Campos', 'Bravo'),
('TU074', 'Esteban', 'Urbina', 'Tapia'),
('TU075', 'Regina', 'Bravo', 'Neri'),
('TU076', 'Guillermo', 'Quiroz', 'Saldaña'),
('TU077', 'Diana', 'Suárez', 'Mendoza'),
('TU078', 'Javier', 'Cruz', 'Villaseñor'),
('TU079', 'Liliana', 'Cuevas', 'Armenta'),
('TU080', 'Joaquín', 'Gálvez', 'Escobedo'),
('TU081', 'Rosa', 'Venegas', 'Valencia'),
('TU082', 'Sebastián', 'Ortíz', 'Mejía'),
('TU083', 'Elisa', 'Cisneros', 'Valle'),
('TU084', 'Mario', 'Tapia', 'Reynoso'),
('TU085', 'Adela', 'Ramón', 'Galarza'),
('TU086', 'Kevin', 'Escamilla', 'Piña'),
('TU087', 'Paulina', 'Rosas', 'Zavala'),
('TU088', 'Humberto', 'Benítez', 'Escoto'),
('TU089', 'Sara', 'Vargas', 'Barraza'),
('TU090', 'Martín', 'Sierra', 'Miranda'),
('TU091', 'Noelia', 'Luján', 'Franco'),
('TU092', 'Fabián', 'Osorio', 'Solís'),
('TU093', 'Irene', 'Pérez', 'Ramírez'),
('TU094', 'Alberto', 'Ledesma', 'Durán'),
('TU095', 'Olivia', 'Moreno', 'Zapata'),
('TU096', 'Iván', 'Paredes', 'Tovar'),
('TU097', 'Ximena', 'Salinas', 'Murillo'),
('TU098', 'Gustavo', 'Hernández', 'Molina'),
('TU099', 'Yolanda', 'Cruz', 'Sánchez'),
('TU100', 'Antonio', 'Márquez', 'Rangel');


-- Inserts para ALUMNO
INSERT INTO ALUMNO (matricula, nombre, primerApell, segundoApell, direccion, tutor, nivel_educativo, periodo_escolar, grado_y_grupo) VALUES
('MTC0000001', 'Juan', 'Pérez', 'García', 'Calle 123, Tijuana', 'TU001', 'NE001', 'PE2023', 'GG001'),
('MTC0000002', 'María', 'López', 'Ramírez', 'Calle 124, Tijuana', 'TU002', 'NE001', 'PE2023', 'GG001'),
('MTC0000003', 'Carlos', 'Rodríguez', 'Martínez', 'Calle 125, Tijuana', 'TU003', 'NE002', 'PE2023', 'GG002'),
('MTC0000004', 'Sofía', 'Gómez', 'Hernández', 'Calle 126, Tijuana', 'TU004', 'NE002', 'PE2023', 'GG002'),
('MTC0000005', 'Ana', 'Hernández', 'Sánchez', 'Calle 127, Tijuana', 'TU005', 'NE003', 'PE2023', 'GG003'),
('MTC0000006', 'Luis', 'Sánchez', 'García', 'Calle 128, Tijuana', 'TU006', 'NE003', 'PE2023', 'GG003'),
('MTC0000007', 'Diego', 'García', 'Pérez', 'Calle 129, Tijuana', 'TU007', 'NE001', 'PE2023', 'GG004'),
('MTC0000008', 'Valeria', 'Torres', 'López', 'Calle 130, Tijuana', 'TU008', 'NE001', 'PE2023', 'GG004'),
('MTC0000009', 'Mateo', 'Morales', 'Vega', 'Calle 131, Tijuana', 'TU009', 'NE002', 'PE2023', 'GG005'),
('MTC0000010', 'Lucía', 'Jiménez', 'Núñez', 'Calle 132, Tijuana', 'TU010', 'NE002', 'PE2023', 'GG005'),
('MTC0000011', 'Pablo', 'Mendoza', 'Ortega', 'Calle 133, Tijuana', 'TU011', 'NE003', 'PE2023', 'GG006'),
('MTC0000012', 'Camila', 'Castillo', 'Ramos', 'Calle 134, Tijuana', 'TU012', 'NE003', 'PE2023', 'GG006'),
('MTC0000013', 'Andrés', 'Ríos', 'Romero', 'Calle 135, Tijuana', 'TU013', 'NE001', 'PE2022', 'GG013'),
('MTC0000014', 'Elena', 'Ortiz', 'Flores', 'Calle 136, Tijuana', 'TU014', 'NE001', 'PE2022', 'GG013'),
('MTC0000015', 'Marcos', 'Vargas', 'Chávez', 'Calle 137, Tijuana', 'TU015', 'NE002', 'PE2022', 'GG014'),
('MTC0000016', 'Adriana', 'Rojas', 'Suárez', 'Calle 138, Tijuana', 'TU016', 'NE002', 'PE2022', 'GG014'),
('MTC0000017', 'Julio', 'Fernández', 'Mora', 'Calle 139, Tijuana', 'TU017', 'NE003', 'PE2022', 'GG015'),
('MTC0000018', 'Isabel', 'Ramírez', 'Navarro', 'Calle 140, Tijuana', 'TU018', 'NE003', 'PE2022', 'GG015'),
('MTC0000019', 'Raúl', 'Domínguez', 'García', 'Calle 141, Tijuana', 'TU019', 'NE001', 'PE2022', 'GG016'),
('MTC0000020', 'Sandra', 'Ruiz', 'Herrera', 'Calle 142, Tijuana', 'TU020', 'NE001', 'PE2022', 'GG016'),
('MTC0000021', 'Manuel', 'Aguilar', 'Peña', 'Calle 143, Tijuana', 'TU021', 'NE002', 'PE2022', 'GG017'),
('MTC0000022', 'Patricia', 'Salazar', 'Ríos', 'Calle 144, Tijuana', 'TU022', 'NE002', 'PE2022', 'GG017'),
('MTC0000023', 'Eduardo', 'Reyes', 'Guerrero', 'Calle 145, Tijuana', 'TU023', 'NE003', 'PE2022', 'GG018'),
('MTC0000024', 'Teresa', 'Navarrete', 'Espinoza', 'Calle 146, Tijuana', 'TU024', 'NE003', 'PE2022', 'GG018'),
('MTC0000025', 'Roberto', 'Soto', 'Martínez', 'Calle 147, Tijuana', 'TU025', 'NE001', 'PE2021', 'GG007'),
('MTC0000026', 'Laura', 'Medina', 'Luna', 'Calle 148, Tijuana', 'TU026', 'NE001', 'PE2021', 'GG007'),
('MTC0000027', 'Víctor', 'Gutiérrez', 'Benítez', 'Calle 149, Tijuana', 'TU027', 'NE002', 'PE2021', 'GG008'),
('MTC0000028', 'Silvia', 'Pacheco', 'Cruz', 'Calle 150, Tijuana', 'TU028', 'NE002', 'PE2021', 'GG008'),
('MTC0000029', 'Francisco', 'Hidalgo', 'Campos', 'Calle 151, Tijuana', 'TU029', 'NE003', 'PE2021', 'GG009'),
('MTC0000030', 'Claudia', 'Cabrera', 'Ríos', 'Calle 152, Tijuana', 'TU030', 'NE003', 'PE2021', 'GG009'),
('MTC0000031', 'Héctor', 'Silva', 'Alvarado', 'Calle 153, Tijuana', 'TU031', 'NE001', 'PE2021', 'GG010'),
('MTC0000032', 'Alicia', 'Méndez', 'Soto', 'Calle 154, Tijuana', 'TU032', 'NE001', 'PE2021', 'GG010'),
('MTC0000033', 'Felipe', 'Ponce', 'Delgado', 'Calle 155, Tijuana', 'TU033', 'NE002', 'PE2021', 'GG011'),
('MTC0000034', 'Mónica', 'Barrios', 'Guerra', 'Calle 156, Tijuana', 'TU034', 'NE002', 'PE2021', 'GG011'),
('MTC0000035', 'Santiago', 'Muñoz', 'Ibarra', 'Calle 157, Tijuana', 'TU035', 'NE003', 'PE2021', 'GG012'),
('MTC0000036', 'Verónica', 'Figueroa', 'Nava', 'Calle 158, Tijuana', 'TU036', 'NE003', 'PE2021', 'GG012'),
('MTC0000037', 'Oscar', 'Escobar', 'Bravo', 'Calle 159, Tijuana', 'TU037', 'NE001', 'PE2020', 'GG001'),
('MTC0000038', 'Ariana', 'Gallegos', 'Oliva', 'Calle 160, Tijuana', 'TU038', 'NE001', 'PE2020', 'GG001'),
('MTC0000039', 'Cristian', 'Montes', 'Paredes', 'Calle 161, Tijuana', 'TU039', 'NE002', 'PE2020', 'GG002'),
('MTC0000040', 'Daniela', 'Varela', 'Serrano', 'Calle 162, Tijuana', 'TU040', 'NE002', 'PE2020', 'GG002'),
('MTC0000041', 'José', 'Noriega', 'Rosales', 'Calle 163, Tijuana', 'TU041', 'NE003', 'PE2020', 'GG003'),
('MTC0000042', 'Paula', 'Villanueva', 'Esquivel', 'Calle 164, Tijuana', 'TU042', 'NE003', 'PE2020', 'GG003'),
('MTC0000043', 'Luis', 'Arce', 'Quintero', 'Calle 165, Tijuana', 'TU043', 'NE001', 'PE2020', 'GG004'),
('MTC0000044', 'Natalia', 'Peralta', 'Sosa', 'Calle 166, Tijuana', 'TU044', 'NE001', 'PE2020', 'GG004'),
('MTC0000045', 'Ángel', 'Tapia', 'Cuevas', 'Calle 167, Tijuana', 'TU045', 'NE002', 'PE2020', 'GG005'),
('MTC0000046', 'Mariana', 'Cárdenas', 'Rocha', 'Calle 168, Tijuana', 'TU046', 'NE002', 'PE2020', 'GG005'),
('MTC0000047', 'Ernesto', 'Nava', 'Quintana', 'Calle 169, Tijuana', 'TU047', 'NE003', 'PE2020', 'GG006'),
('MTC0000048', 'Viviana', 'León', 'Sandoval', 'Calle 170, Tijuana', 'TU048', 'NE003', 'PE2020', 'GG006'),
('MTC0000049', 'Tomás', 'Mora', 'Palacios', 'Calle 171, Tijuana', 'TU049', 'NE001', 'PE2024', 'GG025'),
('MTC0000050', 'Estefanía', 'Fuentes', 'Aguirre', 'Calle 172, Tijuana', 'TU050', 'NE001', 'PE2024', 'GG025'),
('MTC0000051', 'Rafael', 'Rivas', 'Bautista', 'Calle 173, Tijuana', 'TU051', 'NE001', 'PE2024', 'GG026'),
('MTC0000052', 'Carla', 'Correa', 'Cortés', 'Calle 174, Tijuana', 'TU052', 'NE002', 'PE2024', 'GG027'),
('MTC0000053', 'Emanuel', 'Carrillo', 'Reyes', 'Calle 175, Tijuana', 'TU053', 'NE002', 'PE2024', 'GG027'),
('MTC0000054', 'Andrea', 'Lara', 'Paredes', 'Calle 176, Tijuana', 'TU054', 'NE003', 'PE2024', 'GG028'),
('MTC0000055', 'Gerardo', 'Rivera', 'Sánchez', 'Calle 177, Tijuana', 'TU055', 'NE003', 'PE2024', 'GG028'),
('MTC0000056', 'Karina', 'Núñez', 'Acosta', 'Calle 178, Tijuana', 'TU056', 'NE001', 'PE2024', 'GG029'),
('MTC0000057', 'René', 'Olvera', 'López', 'Calle 179, Tijuana', 'TU057', 'NE001', 'PE2024', 'GG029'),
('MTC0000058', 'Brenda', 'Barrera', 'Maldonado', 'Calle 180, Tijuana', 'TU058', 'NE002', 'PE2024', 'GG030'),
('MTC0000059', 'Damián', 'Salgado', 'Padilla', 'Calle 181, Tijuana', 'TU059', 'NE002', 'PE2024', 'GG030'),
('MTC0000060', 'Lorena', 'Delgado', 'Santana', 'Calle 182, Tijuana', 'TU060', 'NE003', 'PE2023', 'GG019'),
('MTC0000061', 'Rubén', 'Ávila', 'Vega', 'Calle 183, Tijuana', 'TU061', 'NE003', 'PE2023', 'GG019'),
('MTC0000062', 'Miriam', 'Lozano', 'Castillo', 'Calle 184, Tijuana', 'TU062', 'NE001', 'PE2023', 'GG020'),
('MTC0000063', 'Ramiro', 'Cervantes', 'Guzmán', 'Calle 185, Tijuana', 'TU063', 'NE001', 'PE2023', 'GG020'),
('MTC0000064', 'Ángela', 'Valdez', 'Lemus', 'Calle 186, Tijuana', 'TU064', 'NE002', 'PE2023', 'GG021'),
('MTC0000065', 'Esteban', 'Solano', 'Salinas', 'Calle 187, Tijuana', 'TU065', 'NE002', 'PE2023', 'GG021'),
('MTC0000066', 'Regina', 'González', 'Cordero', 'Calle 188, Tijuana', 'TU066', 'NE003', 'PE2023', 'GG022'),
('MTC0000067', 'Guillermo', 'Flores', 'Montoya', 'Calle 189, Tijuana', 'TU067', 'NE003', 'PE2023', 'GG022'),
('MTC0000068', 'Diana', 'Arriaga', 'Lugo', 'Calle 190, Tijuana', 'TU068', 'NE001', 'PE2023', 'GG023'),
('MTC0000069', 'Javier', 'Guerra', 'Cano', 'Calle 191, Tijuana', 'TU069', 'NE001', 'PE2023', 'GG023'),
('MTC0000070', 'Liliana', 'Palma', 'Medina', 'Calle 192, Tijuana', 'TU070', 'NE002', 'PE2023', 'GG024'),
('MTC0000071', 'Joaquín', 'Pineda', 'Castro', 'Calle 193, Tijuana', 'TU071', 'NE002', 'PE2023', 'GG024'),
('MTC0000072', 'Rosa', 'Zamora', 'Galván', 'Calle 194, Tijuana', 'TU072', 'NE003', 'PE2022', 'GG013'),
('MTC0000073', 'Sebastián', 'Campos', 'Bravo', 'Calle 195, Tijuana', 'TU073', 'NE003', 'PE2022', 'GG013'),
('MTC0000074', 'Elisa', 'Urbina', 'Tapia', 'Calle 196, Tijuana', 'TU074', 'NE001', 'PE2022', 'GG014'),
('MTC0000075', 'Mario', 'Bravo', 'Neri', 'Calle 197, Tijuana', 'TU075', 'NE001', 'PE2022', 'GG014'),
('MTC0000076', 'Adela', 'Quiroz', 'Saldaña', 'Calle 198, Tijuana', 'TU076', 'NE002', 'PE2022', 'GG015'),
('MTC0000077', 'Kevin', 'Suárez', 'Mendoza', 'Calle 199, Tijuana', 'TU077', 'NE002', 'PE2022', 'GG015'),
('MTC0000078', 'Paulina', 'Cruz', 'Villaseñor', 'Calle 200, Tijuana', 'TU078', 'NE003', 'PE2022', 'GG016'),
('MTC0000079', 'Humberto', 'Cuevas', 'Armenta', 'Calle 201, Tijuana', 'TU079', 'NE003', 'PE2022', 'GG016'),
('MTC0000080', 'Sara', 'Gálvez', 'Escobedo', 'Calle 202, Tijuana', 'TU080', 'NE001', 'PE2022', 'GG017'),
('MTC0000081', 'Martín', 'Venegas', 'Valencia', 'Calle 203, Tijuana', 'TU081', 'NE001', 'PE2022', 'GG017'),
('MTC0000082', 'Noelia', 'Ortíz', 'Mejía', 'Calle 204, Tijuana', 'TU082', 'NE002', 'PE2022', 'GG018'),
('MTC0000083', 'Fabián', 'Cisneros', 'Valle', 'Calle 205, Tijuana', 'TU083', 'NE002', 'PE2022', 'GG018'),
('MTC0000084', 'Irene', 'Tapia', 'Reynoso', 'Calle 206, Tijuana', 'TU084', 'NE003', 'PE2021', 'GG007'),
('MTC0000085', 'Alberto', 'Ramón', 'Galarza', 'Calle 207, Tijuana', 'TU085', 'NE003', 'PE2021', 'GG007'),
('MTC0000086', 'Olivia', 'Escamilla', 'Piña', 'Calle 208, Tijuana', 'TU086', 'NE001', 'PE2021', 'GG008'),
('MTC0000087', 'Iván', 'Rosas', 'Zavala', 'Calle 209, Tijuana', 'TU087', 'NE001', 'PE2021', 'GG008'),
('MTC0000088', 'Ximena', 'Benítez', 'Escoto', 'Calle 210, Tijuana', 'TU088', 'NE002', 'PE2021', 'GG009'),
('MTC0000089', 'Jorge', 'Delgado', 'Arrieta', 'Calle 211, Tijuana', 'TU089', 'NE002', 'PE2021', 'GG009'),
('MTC0000090', 'Flor', 'Zaragoza', 'Marín', 'Calle 212, Tijuana', 'TU090', 'NE003', 'PE2021', 'GG010'),
('MTC0000091', 'Alejandro', 'Ramírez', 'Hinojosa', 'Calle 213, Tijuana', 'TU091', 'NE003', 'PE2021', 'GG010'),
('MTC0000092', 'Rocío', 'Luna', 'Ortiz', 'Calle 214, Tijuana', 'TU092', 'NE001', 'PE2021', 'GG011'),
('MTC0000093', 'Edgar', 'Naranjo', 'Cervantes', 'Calle 215, Tijuana', 'TU093', 'NE001', 'PE2021', 'GG011'),
('MTC0000094', 'Gabriela', 'Villanueva', 'Santiago', 'Calle 216, Tijuana', 'TU094', 'NE002', 'PE2021', 'GG012'),
('MTC0000095', 'Álvaro', 'Serrano', 'Vega', 'Calle 217, Tijuana', 'TU095', 'NE002', 'PE2021', 'GG012'),
('MTC0000096', 'Victoria', 'Hurtado', 'Sandoval', 'Calle 218, Tijuana', 'TU096', 'NE003', 'PE2020', 'GG001'),
('MTC0000097', 'Tomás', 'Álvarez', 'Cisneros', 'Calle 219, Tijuana', 'TU097', 'NE003', 'PE2020', 'GG001'),
('MTC0000098', 'Pilar', 'Hernández', 'Munguía', 'Calle 220, Tijuana', 'TU098', 'NE001', 'PE2020', 'GG002'),
('MTC0000099', 'Julián', 'Nieves', 'Zavala', 'Calle 221, Tijuana', 'TU099', 'NE001', 'PE2020', 'GG002'),
('MTC0000100', 'Patricia', 'Beltrán', 'Magaña', 'Calle 222, Tijuana', 'TU100', 'NE002', 'PE2020', 'GG003');



-- Inserts para MOTIVO_DE_PAGO
INSERT INTO MOTIVO_DE_PAGO (codigo, nombre, precio, periodo_escolar, Nivel_educativo) VALUES
('MP001', 'Inscripción Preescolar 2020', 850, 'PE2020', 'NE001'),
('MP002', 'Inscripción Primaria 2020', 1050, 'PE2020', 'NE002'),
('MP003', 'Inscripción Secundaria 2020', 1250, 'PE2020', 'NE003'),
('MP004', 'Inscripción Preescolar 2021', 850, 'PE2021', 'NE001'),
('MP005', 'Inscripción Primaria 2021', 1050, 'PE2021', 'NE002'),
('MP006', 'Inscripción Secundaria 2021', 1250, 'PE2021', 'NE003'),
('MP007', 'Inscripción Preescolar 2022', 850, 'PE2022', 'NE001'),
('MP008', 'Inscripción Primaria 2022', 1050, 'PE2022', 'NE002'),
('MP009', 'Inscripción Secundaria 2022', 1250, 'PE2022', 'NE003'),
('MP010', 'Inscripción Preescolar 2023', 850, 'PE2023', 'NE001'),
('MP011', 'Inscripción Primaria 2023', 1050, 'PE2023', 'NE002'),
('MP012', 'Inscripción Secundaria 2023', 1250, 'PE2023', 'NE003'),
('MP013', 'Inscripción Preescolar 2024', 850, 'PE2024', 'NE001'),
('MP014', 'Inscripción Primaria 2024', 1050, 'PE2024', 'NE002'),
('MP015', 'Inscripción Secundaria 2024', 1250, 'PE2024', 'NE003'),
('MP016', 'Mensualidad Preescolar 2020', 420, 'PE2020', 'NE001'),
('MP017', 'Mensualidad Primaria 2020', 520, 'PE2020', 'NE002'),
('MP018', 'Mensualidad Secundaria 2020', 620, 'PE2020', 'NE003'),
('MP019', 'Mensualidad Preescolar 2021', 420, 'PE2021', 'NE001'),
('MP020', 'Mensualidad Primaria 2021', 520, 'PE2021', 'NE002'),
('MP021', 'Mensualidad Secundaria 2021', 620, 'PE2021', 'NE003'),
('MP022', 'Mensualidad Preescolar 2022', 420, 'PE2022', 'NE001'),
('MP023', 'Mensualidad Primaria 2022', 520, 'PE2022', 'NE002'),
('MP024', 'Mensualidad Secundaria 2022', 620, 'PE2022', 'NE003'),
('MP025', 'Mensualidad Preescolar 2023', 420, 'PE2023', 'NE001'),
('MP026', 'Mensualidad Primaria 2023', 520, 'PE2023', 'NE002'),
('MP027', 'Mensualidad Secundaria 2023', 620, 'PE2023', 'NE003'),
('MP028', 'Mensualidad Preescolar 2024', 420, 'PE2024', 'NE001'),
('MP029', 'Mensualidad Primaria 2024', 520, 'PE2024', 'NE002'),
('MP030', 'Mensualidad Secundaria 2024', 620, 'PE2024', 'NE003'),
('MP031', 'Uniforme Preescolar 2020', 270, 'PE2020', 'NE001'),
('MP032', 'Uniforme Primaria 2020', 320, 'PE2020', 'NE002'),
('MP033', 'Uniforme Secundaria 2020', 370, 'PE2020', 'NE003'),
('MP034', 'Uniforme Preescolar 2021', 270, 'PE2021', 'NE001'),
('MP035', 'Uniforme Primaria 2021', 320, 'PE2021', 'NE002'),
('MP036', 'Uniforme Secundaria 2021', 370, 'PE2021', 'NE003'),
('MP037', 'Uniforme Preescolar 2022', 270, 'PE2022', 'NE001'),
('MP038', 'Uniforme Primaria 2022', 320, 'PE2022', 'NE002'),
('MP039', 'Uniforme Secundaria 2022', 370, 'PE2022', 'NE003'),
('MP040', 'Uniforme Preescolar 2023', 270, 'PE2023', 'NE001'),
('MP041', 'Uniforme Primaria 2023', 320, 'PE2023', 'NE002'),
('MP042', 'Uniforme Secundaria 2023', 370, 'PE2023', 'NE003'),
('MP043', 'Uniforme Preescolar 2024', 270, 'PE2024', 'NE001'),
('MP044', 'Uniforme Primaria 2024', 320, 'PE2024', 'NE002'),
('MP045', 'Uniforme Secundaria 2024', 370, 'PE2024', 'NE003'),
('MP046', 'Papelería Preescolar 2020', 170, 'PE2020', 'NE001'),
('MP047', 'Papelería Primaria 2020', 220, 'PE2020', 'NE002'),
('MP048', 'Papelería Secundaria 2020', 270, 'PE2020', 'NE003'),
('MP049', 'Papelería Preescolar 2021', 170, 'PE2021', 'NE001'),
('MP050', 'Papelería Primaria 2021', 220, 'PE2021', 'NE002'),
('MP051', 'Papelería Secundaria 2021', 270, 'PE2021', 'NE003'),
('MP052', 'Papelería Preescolar 2022', 170, 'PE2022', 'NE001'),
('MP053', 'Papelería Primaria 2022', 220, 'PE2022', 'NE002'),
('MP054', 'Papelería Secundaria 2022', 270, 'PE2022', 'NE003'),
('MP055', 'Papelería Preescolar 2023', 170, 'PE2023', 'NE001'),
('MP056', 'Papelería Primaria 2023', 220, 'PE2023', 'NE002'),
('MP057', 'Papelería Secundaria 2023', 270, 'PE2023', 'NE003'),
('MP058', 'Papelería Preescolar 2024', 170, 'PE2024', 'NE001'),
('MP059', 'Papelería Primaria 2024', 220, 'PE2024', 'NE002'),
('MP060', 'Papelería Secundaria 2024', 270, 'PE2024', 'NE003'),
('MP061', 'Mantenimiento 2020', 120, 'PE2020', NULL),
('MP062', 'Mantenimiento 2021', 120, 'PE2021', NULL),
('MP063', 'Mantenimiento 2022', 120, 'PE2022', NULL),
('MP064', 'Mantenimiento 2023', 120, 'PE2023', NULL),
('MP065', 'Mantenimiento 2024', 120, 'PE2024', NULL),
('MP066', 'Evento Especial 2020', 170, 'PE2020', NULL),
('MP067', 'Evento Especial 2021', 170, 'PE2021', NULL),
('MP068', 'Evento Especial 2022', 170, 'PE2022', NULL),
('MP069', 'Evento Especial 2023', 170, 'PE2023', NULL),
('MP070', 'Evento Especial 2024', 170, 'PE2024', NULL);





-- Inserts para PAGO
INSERT INTO PAGO (fecha, subtotal, iva, monto_total, estado, alumno, motivo_de_pago) VALUES
-- Inscripciones
('2020-08-01', 850, 136, 986, 'Pagado', 'MTC0000001', 'MP001'),
('2020-08-01', 1050, 168, 1218, 'Pagado', 'MTC0000002', 'MP002'),
('2020-08-01', 1250, 200, 1450, 'Pagado', 'MTC0000003', 'MP003');
-- Inserts para EVENTOS_ESPECIALES
INSERT INTO EVENTOS_ESPECIALES (motivo_de_pago, fecha, lugar, horario, descripcion) VALUES
('MP066', '2024-10-15', 'Auditorio Escolar', '18:00-20:00', 'Festival de Otoño'),
('MP067', '2024-12-20', 'Patio Central', '17:00-19:00', 'Posada Navideña'),
('MP068', '2025-02-14', 'Gimnasio', '19:00-21:00', 'Baile de San Valentín'),
('MP069', '2025-05-10', 'Jardín Escolar', '10:00-13:00', 'Celebración del Día de las Madres'),
('MP070', '2025-06-30', 'Auditorio Escolar', '18:00-20:00', 'Ceremonia de Graduación');

-- Inserts para PAPELERIA
INSERT INTO PAPELERIA (motivo_de_pago, nombre_pack, descripcion) VALUES
('MP046', 'Pack Preescolar 2020', 'Cuadernos, crayones, tijeras infantiles, pegamento, plastilina'),
('MP047', 'Pack Primaria 2020', 'Cuadernos, lápices, colores, regla, compás, diccionario básico'),
('MP048', 'Pack Secundaria 2020', 'Cuadernos, bolígrafos, calculadora científica, juego de geometría'),
('MP049', 'Pack Preescolar 2021', 'Cuadernos, crayones, tijeras infantiles, pegamento, plastilina'),
('MP050', 'Pack Primaria 2021', 'Cuadernos, lápices, colores, regla, compás, diccionario básico'),
('MP051', 'Pack Secundaria 2021', 'Cuadernos, bolígrafos, calculadora científica, juego de geometría'),
('MP052', 'Pack Preescolar 2022', 'Cuadernos, crayones, tijeras infantiles, pegamento, plastilina'),
('MP053', 'Pack Primaria 2022', 'Cuadernos, lápices, colores, regla, compás, diccionario básico'),
('MP054', 'Pack Secundaria 2022', 'Cuadernos, bolígrafos, calculadora científica, juego de geometría'),
('MP055', 'Pack Preescolar 2023', 'Cuadernos, crayones, tijeras infantiles, pegamento, plastilina'),
('MP056', 'Pack Primaria 2023', 'Cuadernos, lápices, colores, regla, compás, diccionario básico'),
('MP057', 'Pack Secundaria 2023', 'Cuadernos, bolígrafos, calculadora científica, juego de geometría'),
('MP058', 'Pack Preescolar 2024', 'Cuadernos, crayones, tijeras infantiles, pegamento, plastilina'),
('MP059', 'Pack Primaria 2024', 'Cuadernos, lápices, colores, regla, compás, diccionario básico'),
('MP060', 'Pack Secundaria 2024', 'Cuadernos, bolígrafos, calculadora científica, juego de geometría');

-- Inserts para INSCRIPCION
INSERT INTO INSCRIPCION (motivo_de_pago, proximo_pago, fecha_pago) VALUES
('MP001', '2020-08-01', '2021-08-01'),
('MP002', '2020-08-01', '2021-08-01'),
('MP003', '2020-08-01', '2021-08-01'),
('MP004', '2021-08-01', '2022-08-01'),
('MP005', '2021-08-01', '2022-08-01'),
('MP006', '2021-08-01', '2022-08-01'),
('MP007', '2022-08-01', '2023-08-01'),
('MP008', '2022-08-01', '2023-08-01'),
('MP009', '2022-08-01', '2023-08-01'),
('MP010', '2023-08-01', '2024-08-01'),
('MP011', '2023-08-01', '2024-08-01'),
('MP012', '2023-08-01', '2024-08-01'),
('MP013', '2024-08-01', '2025-08-01'),
('MP014', '2024-08-01', '2025-08-01'),
('MP015', '2024-08-01', '2025-08-01');
-- Inserts para MENSUALIDAD
INSERT INTO MENSUALIDAD (motivo_de_pago, mes_pagado, proximo_pago, fecha_pago) VALUES
-- Preescolar
-- Agosto
('MP016', 'Agosto', '2020-08-01', '2020-08-31'),
('MP017', 'Agosto', '2020-08-01', '2020-08-31'),
('MP018', 'Agosto', '2020-08-01', '2020-08-31'),
('MP019', 'Agosto', '2021-08-01', '2021-08-31'),
('MP020', 'Agosto', '2021-08-01', '2021-08-31'),
('MP021', 'Agosto', '2021-08-01', '2021-08-31'),
('MP022', 'Agosto', '2022-08-01', '2022-08-31'),
('MP023', 'Agosto', '2022-08-01', '2022-08-31'),
('MP024', 'Agosto', '2022-08-01', '2022-08-31'),
('MP025', 'Agosto', '2023-08-01', '2023-08-31'),
('MP026', 'Agosto', '2023-08-01', '2023-08-31'),
('MP027', 'Agosto', '2023-08-01', '2023-08-31'),
('MP028', 'Agosto', '2024-08-01', '2024-08-31'),
('MP029', 'Agosto', '2024-08-01', '2024-08-31'),
('MP030', 'Agosto', '2024-08-01', '2024-08-31'),
-- Spetiembre
('MP016', 'Septiembre', '2020-09-01', '2020-09-30'),
('MP017', 'Septiembre', '2020-09-01', '2020-09-30'),
('MP018', 'Septiembre', '2020-09-01', '2020-09-30'),
('MP019', 'Septiembre', '2021-09-01', '2021-09-30'),
('MP020', 'Septiembre', '2021-09-01', '2021-09-30'),
('MP021', 'Septiembre', '2021-09-01', '2021-09-30'),
('MP022', 'Septiembre', '2022-09-01', '2022-09-30'),
('MP023', 'Septiembre', '2022-09-01', '2022-09-30'),
('MP024', 'Septiembre', '2022-09-01', '2022-09-30'),
('MP025', 'Septiembre', '2023-09-01', '2023-09-30'),
('MP026', 'Septiembre', '2023-09-01', '2023-09-30'),
('MP027', 'Septiembre', '2023-09-01', '2023-09-30'),
('MP028', 'Septiembre', '2024-09-01', '2024-09-30'),
('MP029', 'Septiembre', '2024-09-01', '2024-09-30'),
('MP030', 'Septiembre', '2024-09-01', '2024-09-30'),
-- Octubre
('MP016', 'Octubre', '2020-10-01', '2020-10-31'),
('MP017', 'Octubre', '2020-10-01', '2020-10-31'),
('MP018', 'Octubre', '2020-10-01', '2020-10-31'),
('MP019', 'Octubre', '2021-10-01', '2021-10-31'),
('MP020', 'Octubre', '2021-10-01', '2021-10-31'),
('MP021', 'Octubre', '2021-10-01', '2021-10-31'),
('MP022', 'Octubre', '2022-10-01', '2022-10-31'),
('MP023', 'Octubre', '2022-10-01', '2022-10-31'),
('MP024', 'Octubre', '2022-10-01', '2022-10-31'),
('MP025', 'Octubre', '2023-10-01', '2023-10-31'),
('MP026', 'Octubre', '2023-10-01', '2023-10-31'),
('MP027', 'Octubre', '2023-10-01', '2023-10-31'),
('MP028', 'Octubre', '2024-10-01', '2024-10-31'),
('MP029', 'Octubre', '2024-10-01', '2024-10-31'),
('MP030', 'Octubre', '2024-10-01', '2024-10-31'),
-- Noviembre
('MP016', 'Noviembre', '2020-11-01', '2020-11-30'),
('MP017', 'Noviembre', '2020-11-01', '2020-11-30'),
('MP018', 'Noviembre', '2020-11-01', '2020-11-30'),
('MP019', 'Noviembre', '2021-11-01', '2021-11-30'),
('MP020', 'Noviembre', '2021-11-01', '2021-11-30'),
('MP021', 'Noviembre', '2021-11-01', '2021-11-30'),
('MP022', 'Noviembre', '2022-11-01', '2022-11-30'),
('MP023', 'Noviembre', '2022-11-01', '2022-11-30'),
('MP024', 'Noviembre', '2022-11-01', '2022-11-30'),
('MP025', 'Noviembre', '2023-11-01', '2023-11-30'),
('MP026', 'Noviembre', '2023-11-01', '2023-11-30'),
('MP027', 'Noviembre', '2023-11-01', '2023-11-30'),
('MP028', 'Noviembre', '2024-11-01', '2024-11-30'),
('MP029', 'Noviembre', '2024-11-01', '2024-11-30'),
('MP030', 'Noviembre', '2024-11-01', '2024-11-30'),
-- Dieciembre
('MP016', 'Diciembre', '2020-12-01', '2020-12-31'),
('MP017', 'Diciembre', '2020-12-01', '2020-12-31'),
('MP018', 'Diciembre', '2020-12-01', '2020-12-31'),
('MP019', 'Diciembre', '2021-12-01', '2021-12-31'),
('MP020', 'Diciembre', '2021-12-01', '2021-12-31'),
('MP021', 'Diciembre', '2021-12-01', '2021-12-31'),
('MP022', 'Diciembre', '2022-12-01', '2022-12-31'),
('MP023', 'Diciembre', '2022-12-01', '2022-12-31'),
('MP024', 'Diciembre', '2022-12-01', '2022-12-31'),
('MP025', 'Diciembre', '2023-12-01', '2023-12-31'),
('MP026', 'Diciembre', '2023-12-01', '2023-12-31'),
('MP027', 'Diciembre', '2023-12-01', '2023-12-31'),
('MP028', 'Diciembre', '2024-12-01', '2024-12-31'),
('MP029', 'Diciembre', '2024-12-01', '2024-12-31'),
('MP030', 'Diciembre', '2024-12-01', '2024-12-31'),
-- Enero
('MP019', 'Enero', '2021-01-01', '2021-01-31'),
('MP020', 'Enero', '2021-01-01', '2021-01-31'),
('MP021', 'Enero', '2021-01-01', '2021-01-31'),
('MP022', 'Enero', '2022-01-01', '2022-01-31'),
('MP023', 'Enero', '2022-01-01', '2022-01-31'),
('MP024', 'Enero', '2022-01-01', '2022-01-31'),
('MP025', 'Enero', '2023-01-01', '2023-01-31'),
('MP026', 'Enero', '2023-01-01', '2023-01-31'),
('MP027', 'Enero', '2023-01-01', '2023-01-31'),
('MP028', 'Enero', '2024-01-01', '2024-01-31'),
('MP029', 'Enero', '2024-01-01', '2024-01-31'),
('MP030', 'Enero', '2024-01-01', '2024-01-31'),
-- Febrero
('MP019', 'Febrero', '2021-02-01', '2021-02-29'),
('MP020', 'Febrero', '2021-02-01', '2021-02-29'),
('MP021', 'Febrero', '2021-02-01', '2021-02-29'),
('MP022', 'Febrero', '2022-02-01', '2022-02-29'),
('MP023', 'Febrero', '2022-02-01', '2022-02-29'),
('MP024', 'Febrero', '2022-02-01', '2022-02-29'),
('MP025', 'Febrero', '2023-02-01', '2023-02-29'),
('MP026', 'Febrero', '2023-02-01', '2023-02-29'),
('MP027', 'Febrero', '2023-02-01', '2023-02-29'),
('MP028', 'Febrero', '2024-02-01', '2024-02-29'),
('MP029', 'Febrero', '2024-02-01', '2024-02-29'),
('MP030', 'Febrero', '2024-02-01', '2024-02-29'),
-- Marzo
('MP019', 'Marzo', '2021-03-01', '2021-03-31'),
('MP020', 'Marzo', '2021-03-01', '2021-03-31'),
('MP021', 'Marzo', '2021-03-01', '2021-03-31'),
('MP022', 'Marzo', '2022-03-01', '2022-03-31'),
('MP023', 'Marzo', '2022-03-01', '2022-03-31'),
('MP024', 'Marzo', '2022-03-01', '2022-03-31'),
('MP025', 'Marzo', '2023-03-01', '2023-03-31'),
('MP026', 'Marzo', '2023-03-01', '2023-03-31'),
('MP027', 'Marzo', '2023-03-01', '2023-03-31'),
('MP028', 'Marzo', '2024-03-01', '2024-03-31'),
('MP029', 'Marzo', '2024-03-01', '2024-03-31'),
('MP030', 'Marzo', '2024-03-01', '2024-03-31'),
-- Abril
('MP019', 'Abril', '2021-04-01', '2021-04-30'),
('MP020', 'Abril', '2021-04-01', '2021-04-30'),
('MP021', 'Abril', '2021-04-01', '2021-04-30'),
('MP022', 'Abril', '2022-04-01', '2022-04-30'),
('MP023', 'Abril', '2022-04-01', '2022-04-30'),
('MP024', 'Abril', '2022-04-01', '2022-04-30'),
('MP025', 'Abril', '2023-04-01', '2023-04-30'),
('MP026', 'Abril', '2023-04-01', '2023-04-30'),
('MP027', 'Abril', '2023-04-01', '2023-04-30'),
('MP028', 'Abril', '2024-04-01', '2024-04-30'),
('MP029', 'Abril', '2024-04-01', '2024-04-30'),
('MP030', 'Abril', '2024-04-01', '2024-04-30'),
-- Mayo
('MP019', 'Mayo', '2021-05-01', '2021-05-31'),
('MP020', 'Mayo', '2021-05-01', '2021-05-31'),
('MP021', 'Mayo', '2021-05-01', '2021-05-31'),
('MP022', 'Mayo', '2022-05-01', '2022-05-31'),
('MP023', 'Mayo', '2022-05-01', '2022-05-31'),
('MP024', 'Mayo', '2022-05-01', '2022-05-31'),
('MP025', 'Mayo', '2023-05-01', '2023-05-31'),
('MP026', 'Mayo', '2023-05-01', '2023-05-31'),
('MP027', 'Mayo', '2023-05-01', '2023-05-31'),
('MP028', 'Mayo', '2024-05-01', '2024-05-31'),
('MP029', 'Mayo', '2024-05-01', '2024-05-31'),
('MP030', 'Mayo', '2024-05-01', '2024-05-31');


-- Inserts para MANTENIMIENTO
INSERT INTO MANTENIMIENTO (motivo_de_pago, fecha_pago, proximo_pago, concepto) VALUES
('MP061', '2020-08-15', '2021-08-15', 'Mantenimiento anual 2020'),
('MP062', '2021-08-15', '2022-08-15', 'Mantenimiento anual 2021'),
('MP063', '2022-08-15', '2023-08-15', 'Mantenimiento anual 2022'),
('MP064', '2023-08-15', '2024-08-15', 'Mantenimiento anual 2023'),
('MP065', '2024-08-15', '2025-08-15', 'Mantenimiento anual 2024');

-- Inserts para TIPO_DE_UNIFORME
INSERT INTO TIPO_DE_UNIFORME (codigo, nombre) VALUES
('TU001', 'Diario'),
('TU002', 'Deportivo');

-- Inserts para UNIFORMES
INSERT INTO UNIFORMES (motivo_de_pago, talla, tipo_de_uniforme, descripcion) VALUES
('MP031', 'S', 'TU001', 'Uniforme diario preescolar talla pequeña 2020'),
('MP031', 'M', 'TU001', 'Uniforme diario preescolar talla mediana 2020'),
('MP031', 'G', 'TU001', 'Uniforme diario preescolar talla grande 2020'),
('MP032', 'S', 'TU001', 'Uniforme diario primaria talla pequeña 2020'),
('MP032', 'M', 'TU001', 'Uniforme diario primaria talla mediana 2020'),
('MP032', 'G', 'TU001', 'Uniforme diario primaria talla grande 2020'),
('MP033', 'S', 'TU001', 'Uniforme diario secundaria talla pequeña 2020'),
('MP033', 'M', 'TU001', 'Uniforme diario secundaria talla mediana 2020'),
('MP033', 'G', 'TU001', 'Uniforme diario secundaria talla grande 2020'),
('MP034', 'S', 'TU001', 'Uniforme diario preescolar talla pequeña 2021'),
('MP034', 'M', 'TU001', 'Uniforme diario preescolar talla mediana 2021'),
('MP034', 'G', 'TU001', 'Uniforme diario preescolar talla grande 2021'),
('MP035', 'S', 'TU001', 'Uniforme diario primaria talla pequeña 2021'),
('MP035', 'M', 'TU001', 'Uniforme diario primaria talla mediana 2021'),
('MP035', 'G', 'TU001', 'Uniforme diario primaria talla grande 2021'),
('MP036', 'S', 'TU001', 'Uniforme diario secundaria talla pequeña 2021'),
('MP036', 'M', 'TU001', 'Uniforme diario secundaria talla mediana 2021'),
('MP036', 'G', 'TU001', 'Uniforme diario secundaria talla grande 2021'),
('MP037', 'S', 'TU001', 'Uniforme diario preescolar talla pequeña 2022'),
('MP037', 'M', 'TU001', 'Uniforme diario preescolar talla mediana 2022'),
('MP037', 'G', 'TU001', 'Uniforme diario preescolar talla grande 2022'),
('MP038', 'S', 'TU001', 'Uniforme diario primaria talla pequeña 2022'),
('MP038', 'M', 'TU001', 'Uniforme diario primaria talla mediana 2022'),
('MP038', 'G', 'TU001', 'Uniforme diario primaria talla grande 2022'),
('MP039', 'S', 'TU001', 'Uniforme diario secundaria talla pequeña 2022'),
('MP039', 'M', 'TU001', 'Uniforme diario secundaria talla mediana 2022'),
('MP039', 'G', 'TU001', 'Uniforme diario secundaria talla grande 2022'),
('MP040', 'S', 'TU001', 'Uniforme diario preescolar talla pequeña 2023'),
('MP040', 'M', 'TU001', 'Uniforme diario preescolar talla mediana 2023'),
('MP040', 'G', 'TU001', 'Uniforme diario preescolar talla grande 2023'),
('MP041', 'S', 'TU001', 'Uniforme diario primaria talla pequeña 2023'),
('MP041', 'M', 'TU001', 'Uniforme diario primaria talla mediana 2023'),
('MP041', 'G', 'TU001', 'Uniforme diario primaria talla grande 2023'),
('MP042', 'S', 'TU001', 'Uniforme diario secundaria talla pequeña 2023'),
('MP042', 'M', 'TU001', 'Uniforme diario secundaria talla mediana 2023'),
('MP042', 'G', 'TU001', 'Uniforme diario secundaria talla grande 2023'),
('MP043', 'S', 'TU001', 'Uniforme diario preescolar talla pequeña 2024'),
('MP043', 'M', 'TU001', 'Uniforme diario preescolar talla mediana 2024'),
('MP043', 'G', 'TU001', 'Uniforme diario preescolar talla grande 2024'),
('MP044', 'S', 'TU001', 'Uniforme diario primaria talla pequeña 2024'),
('MP044', 'M', 'TU001', 'Uniforme diario primaria talla mediana 2024'),
('MP044', 'G', 'TU001', 'Uniforme diario primaria talla grande 2024'),
('MP045', 'S', 'TU001', 'Uniforme diario secundaria talla pequena 2024'),
('MP045', 'M', 'TU001', 'Uniforme diario secundaria talla mediana 2024'),
('MP045', 'G', 'TU001', 'Uniforme diario secundaria talla grande 2024');

-- Inserts para NUM_TEL
INSERT INTO NUM_TEL (tutor, numTel) VALUES
('TU001', '663-301-6320'),
('TU002', '664-507-5470'),
('TU003', '667-122-2645'),
('TU004', '665-444-3321'),
('TU005', '662-123-7890'),
('TU006', '668-987-6543'),
('TU007', '669-321-1234'),
('TU008', '662-456-7891'),
('TU009', '663-987-6542'),
('TU010', '664-555-1234'),
('TU011', '667-876-5432'),
('TU012', '665-234-5678'),
('TU013', '669-345-6789'),
('TU014', '668-234-5671'),
('TU015', '663-123-4567'),
('TU016', '664-789-1234'),
('TU017', '665-456-7890'),
('TU018', '669-555-6789'),
('TU019', '667-234-5678'),
('TU020', '662-345-6789'),
('TU021', '664-234-5678'),
('TU022', '669-876-5432'),
('TU023', '668-123-4567'),
('TU024', '663-345-6789'),
('TU025', '665-555-1234'),
('TU026', '662-234-5678'),
('TU027', '667-345-6789'),
('TU028', '664-789-1234'),
('TU029', '668-456-7890'),
('TU030', '669-234-5678'),
('TU031', '665-789-1234'),
('TU032', '662-555-6789'),
('TU033', '664-345-6789'),
('TU034', '663-789-1234'),
('TU035', '668-234-5678'),
('TU036', '669-345-6789'),
('TU037', '665-234-5678'),
('TU038', '662-345-6789'),
('TU039', '664-234-5678'),
('TU040', '667-789-1234'),
('TU041', '668-555-1234'),
('TU042', '663-234-5678'),
('TU043', '664-345-6789'),
('TU044', '669-234-5678'),
('TU045', '667-234-5678'),
('TU046', '665-345-6789'),
('TU047', '662-789-1234'),
('TU048', '669-555-6789'),
('TU049', '668-234-5678'),
('TU050', '664-234-5678'),
('TU051', '667-555-1234'),
('TU052', '662-234-5678'),
('TU053', '665-345-6789'),
('TU054', '664-789-1234'),
('TU055', '669-345-6789'),
('TU056', '663-234-5678'),
('TU057', '668-789-1234'),
('TU058', '662-555-6789'),
('TU059', '664-345-6789'),
('TU060', '665-234-5678'),
('TU061', '669-234-5678'),
('TU062', '662-345-6789'),
('TU063', '668-234-5678'),
('TU064', '667-789-1234'),
('TU065', '663-555-6789'),
('TU066', '664-234-5678'),
('TU067', '669-789-1234'),
('TU068', '668-555-6789'),
('TU069', '662-234-5678'),
('TU070', '665-789-1234'),
('TU071', '663-345-6789'),
('TU072', '667-234-5678'),
('TU073', '664-555-6789'),
('TU074', '668-234-5678'),
('TU075', '669-345-6789'),
('TU076', '662-789-1234'),
('TU077', '665-234-5678'),
('TU078', '667-345-6789'),
('TU079', '663-789-1234'),
('TU080', '664-234-5678'),
('TU081', '668-789-1234'),
('TU082', '665-555-6789'),
('TU083', '669-234-5678'),
('TU084', '662-345-6789'),
('TU085', '667-234-5678'),
('TU086', '664-345-6789'),
('TU087', '668-234-5678'),
('TU088', '663-234-5678'),
('TU089', '669-789-1234'),
('TU090', '665-345-6789'),
('TU091', '662-789-1234'),
('TU092', '667-555-6789'),
('TU093', '668-345-6789'),
('TU094', '663-789-1234'),
('TU095', '664-234-5678'),
('TU096', '665-234-5678'),
('TU097', '669-234-5678'),
('TU098', '662-555-6789'),
('TU099', '668-789-1234'),
('TU100', '667-234-5678');